0;David.Granados1;167194227202208147182224197207215205211214146;M;1;0
0;Charlie03;166201206211216206212156148148;B;2;0
0;admin;148162209206213211216225216211215205148213130;B;2;0
0;admin;148162209206213211216225216211215205148213130;B;2;0
0;admin;148162209206213211216225216211215205148213130;B;2;0
0;admin;148162209206213211216225216211215205148213130;B;2;0
0;admin;148162209206213211216225216211215205148213130;B;2;0
0;admin;148162209206213211216225216211215205148213130;B;2;0
0;admin;148162209206213211216225216211215205148213130;B;2;0
0;admin;148162209206213211216225216211215205148213130;B;2;0
0;admin;148162209206213211216225216211215205148213130;B;2;0
0;PeterGriffin;179194224212157151162156;B;1;0
0;StewieGriffin;165194217208218169212192217200216226148132;M;3;0
0;fsdfsdf;199199224199223;B;2;0
0;dvdf;199199227200208203;B;2;0
0;fsda;201197224;B;2;0
0;asdff;201194224199208216;B;2;0
0;admin;148162209206213211216225216211215205148213130;B;2;0
0;admin;148162209206213211216225216211215205148213130;B;2;0
0;admin;148162209206213211216225216211215205148213130;B;2;0
0;rubenyañez;179161224212227149225210;B;2;0
0;Marcos2;179161224212227149225210;B;2;0
0;probando23;179211220195205211211221341306168156146;B;1;0
0;dsad;201197211212208203161159146148167155183169165177;B;2;0
0;fsdvfsfd;182165179212226198211212202197215207150150147155;B;0;0
0;fsafdsfdFSD;171199209212210201226351341306327207149149147155;B;3;0
0;fsdafds;201212206197210216211178170168168156146;B;1;0
0;sdafvfds;201194224215208203208210183167186170183150147155;B;2;0
0;lkdfafgfg;179143209212211209218216215147169;M;2;0
0;fsdsafd;201197224199210152161162151147189177204201200213143;B;1;0
0;dfghergh;150149159200210202211168202216164174182199;M;2;0
